<?xml version="1.0" encoding="UTF-8"?>
<metadata xml:lang="en"><Esri><CreaDate>20200508</CreaDate><CreaTime>15141500</CreaTime><ArcGISFormat>1.0</ArcGISFormat><SyncOnce>TRUE</SyncOnce><DataProperties><itemProps><itemLocation><linkage Sync="TRUE">file://\\Mac\Home\Desktop\Python_Challenges\Class 11\Final_Data\ground_return.lasd</linkage><protocol Sync="TRUE">Local Area Network</protocol></itemLocation></itemProps><copyHistory><copy source="\\Mac\Home\Desktop\NRS522\Results\Lab9\ground_return.lasd" dest="\\Mac\Home\Desktop\Python_Challenges\Class 11\Final_Data\ground_return.lasd" date="20200508" time="15141500"></copy></copyHistory></DataProperties></Esri></metadata>
